Date,Inflation Rate,Interest Rate,GDP Change (%),Average exchange rate,Unemployment Rate,International,Interprovincial,Single_Family_Benchmark,Two_Storey_Benchmark,Apartment_Benchmark,One_Storey_Benchmark,Townhouse_Benchmark,Apartment and other unit types,Row units,Semi-detached units,Single-detached units
2005-01-01,1.434034416826,2.5,4.607796046075374,1.2258799999999999,3.7,1508.0,2763.0,227800.0,252700.0,131400.0,199500.0,157400.0,414,151,173,1116
2005-02-01,1.52963671128107,2.5,4.607796046075374,1.2395,3.2,1508.0,2763.0,231100.0,256300.0,132600.0,202400.0,158900.0,455,250,146,1364
2005-03-01,1.9065776930409901,2.5,4.607796046075374,1.2117125,2.9,1508.0,2763.0,235600.0,260900.0,135500.0,206800.0,160700.0,514,192,299,1475
2005-04-01,2.28136882129277,2.5,4.607796046075374,1.23705,3.0,2066.0,3721.0,239600.0,265300.0,135700.0,210100.0,162400.0,803,182,300,1984
2005-05-01,1.22525918944392,2.5,4.607796046075374,1.25596,3.1,2066.0,3721.0,242200.0,267600.0,136900.0,213100.0,163900.0,1246,217,218,2000
2005-06-01,0.65359477124183,2.5,4.607796046075374,1.2406375,3.3,2066.0,3721.0,244000.0,269500.0,137800.0,214600.0,165800.0,366,105,264,1920
2005-07-01,2.16165413533834,2.5,4.607796046075374,1.2216799999999999,3.2,2287.0,3381.0,247100.0,272400.0,140100.0,217700.0,167500.0,418,163,211,2018
2005-08-01,2.35404896421845,2.5,4.607796046075374,1.20135,3.3,2287.0,3381.0,249600.0,275600.0,141500.0,219500.0,169500.0,527,414,289,1697
2005-09-01,3.48071495766698,2.75,4.607796046075374,1.1773625,3.2,2287.0,3381.0,252900.0,279600.0,142800.0,221900.0,171200.0,1415,210,234,1839
2005-10-01,3.49056603773584,3.0,4.607796046075374,1.17801,3.3,1356.0,4606.0,256600.0,283400.0,143600.0,225300.0,173600.0,649,251,328,1868
2005-11-01,2.71790065604498,3.0,4.607796046075374,1.1816499999999999,3.3,1356.0,4606.0,261200.0,288600.0,145800.0,229000.0,175900.0,656,268,242,1786
2005-12-01,2.44360902255639,3.25,4.607796046075374,1.1613125,3.5,1356.0,4606.0,264500.0,292900.0,148700.0,231200.0,179300.0,560,177,173,1753
2006-01-01,4.05278039585296,3.5,6.527314139572682,1.15719,3.1,1930.0,4106.0,276400.0,307300.0,152900.0,240100.0,183600.0,158,68,234,1858
2006-02-01,3.2956685499058302,3.5,6.527314139572682,1.148775,2.7,1930.0,4106.0,292600.0,326200.0,161100.0,252900.0,193800.0,511,168,422,1944
2006-03-01,3.1805425631431197,3.75,6.527314139572682,1.1594,2.9,1930.0,4106.0,310500.0,347000.0,173100.0,267600.0,205800.0,1290,234,252,1750
2006-04-01,3.53159851301115,4.0,6.527314139572682,1.13825,2.8,2538.0,3170.0,329900.0,368900.0,183000.0,283800.0,219100.0,633,227,258,2345
2006-05-01,4.4692737430167595,4.25,6.527314139572682,1.1096875,2.6,2538.0,3170.0,350200.0,391700.0,199300.0,301300.0,237900.0,979,138,233,2530
2006-06-01,3.7105751391465605,4.25,6.527314139572682,1.1138625,3.0,2538.0,3170.0,366800.0,408900.0,214700.0,317300.0,254000.0,1450,269,313,2244
2006-07-01,4.323827046918121,4.25,6.527314139572682,1.12771,2.5,2957.0,5576.0,379600.0,422800.0,225600.0,329000.0,266900.0,955,293,314,2234
2006-08-01,4.78380864765409,4.25,6.527314139572682,1.1173625,3.3,2957.0,5576.0,387500.0,431400.0,234900.0,336300.0,275300.0,398,317,434,2326
2006-09-01,3.72727272727272,4.25,6.527314139572682,1.1162625,2.8,2957.0,5576.0,389100.0,434100.0,241100.0,336800.0,279200.0,606,163,328,2241
2006-10-01,3.00820419325433,4.25,6.527314139572682,1.12729,2.9,1744.0,2559.0,386300.0,429200.0,242200.0,336400.0,281500.0,259,208,295,2039
2006-11-01,3.74087591240875,4.25,6.527314139572682,1.136975,3.1,1744.0,2559.0,383500.0,427400.0,242300.0,332500.0,279400.0,2018,217,223,1731
2006-12-01,4.7706422018348595,4.25,6.527314139572682,1.1562100000000002,3.1,1744.0,2559.0,382800.0,425000.0,241000.0,333600.0,280100.0,813,104,250,1608
2007-01-01,3.89492753623188,4.25,1.9428097880740403,1.175975,3.1,2483.0,1575.0,387500.0,429600.0,243200.0,338100.0,282700.0,673,592,177,1568
2007-02-01,4.8313582497721,4.25,1.9428097880740403,1.1700625,3.1,2483.0,1575.0,399000.0,441600.0,249000.0,348300.0,287900.0,519,166,257,1501
2007-03-01,5.53037171350861,4.25,1.9428097880740403,1.16805,3.2,2483.0,1575.0,411900.0,455000.0,256100.0,360200.0,298200.0,1140,408,292,1513
2007-04-01,5.47576301615798,4.25,1.9428097880740403,1.13141,2.6,3737.0,1559.0,420800.0,464700.0,261700.0,367900.0,303400.0,941,424,433,2131
2007-05-01,4.99108734402852,4.25,1.9428097880740403,1.0911374999999999,3.3,3737.0,1559.0,430500.0,474600.0,267900.0,377000.0,312200.0,924,252,343,2165
2007-06-01,6.261180679785331,4.25,1.9428097880740403,1.0648250000000001,2.9,3737.0,1559.0,432900.0,476200.0,271300.0,380400.0,316300.0,602,276,275,2153
2007-07-01,5.02645502645502,4.5,1.9428097880740403,1.05253,2.9,3244.0,735.0,436200.0,479600.0,273600.0,383600.0,321600.0,471,150,403,2026
2007-08-01,4.7410008779631205,4.5,1.9428097880740403,1.05935,3.1,3244.0,735.0,435200.0,479900.0,275500.0,381200.0,322900.0,961,352,284,1955
2007-09-01,4.6450482033304095,4.5,1.9428097880740403,1.01994,3.1,3244.0,735.0,434700.0,479200.0,273300.0,380700.0,321500.0,1968,336,324,1738
2007-10-01,4.955752212389379,4.5,1.9428097880740403,0.9679625000000001,3.0,2262.0,678.0,427900.0,471300.0,271400.0,375100.0,317700.0,1144,316,198,1578
2007-11-01,4.7493403693931295,4.5,1.9428097880740403,0.9659375,3.0,2262.0,678.0,420800.0,462600.0,268600.0,369700.0,313600.0,870,109,326,1399
2007-12-01,4.11558669001751,4.25,1.9428097880740403,1.0007899999999998,2.8,2262.0,678.0,411400.0,452600.0,263800.0,361000.0,308300.0,322,296,218,1010
2008-01-01,3.5745422842197,4.0,1.3056120080073619,1.0126625,2.6,2813.0,1287.0,412200.0,455900.0,263100.0,358400.0,306400.0,1073,220,116,911
2008-02-01,3.4782608695652097,4.0,1.3056120080073619,1.0018125,3.2,2813.0,1287.0,414500.0,457400.0,261300.0,361400.0,306300.0,914,85,135,854
2008-03-01,2.9209621993127097,3.5,1.3056120080073619,1.00414,2.8,2813.0,1287.0,415500.0,458900.0,261900.0,361600.0,307900.0,2838,238,206,942
2008-04-01,3.2340425531914803,3.0,1.3056120080073619,1.0130875000000001,3.0,4559.0,2405.0,415600.0,457600.0,262200.0,363400.0,307300.0,1085,133,182,860
2008-05-01,3.73514431239388,3.0,1.3056120080073619,0.9984625,3.1,4559.0,2405.0,412300.0,455000.0,260600.0,359000.0,306500.0,1127,215,237,1183
2008-06-01,4.37710437710437,3.0,1.3056120080073619,1.01572,2.7,4559.0,2405.0,406800.0,448800.0,257600.0,354200.0,302100.0,266,126,162,1095
2008-07-01,3.5264483627204,3.0,1.3056120080073619,1.0135875,3.2,4299.0,885.0,402200.0,442800.0,252600.0,351200.0,299700.0,757,107,165,1155
2008-08-01,4.02347024308466,3.0,1.3056120080073619,1.05726,3.0,4299.0,885.0,400300.0,440900.0,250400.0,349100.0,297800.0,419,101,224,968
2008-09-01,2.84757118927973,3.0,1.3056120080073619,1.0575875,3.4,4299.0,885.0,398000.0,439700.0,245300.0,345100.0,295600.0,559,108,218,996
2008-10-01,2.44519392917369,2.25,1.3056120080073619,1.1968125,2.6,2908.0,1370.0,391200.0,432300.0,242300.0,338900.0,292200.0,659,150,160,916
2008-11-01,2.0990764063811898,2.25,1.3056120080073619,1.2300499999999999,3.2,2908.0,1370.0,384900.0,427100.0,236200.0,331200.0,287100.0,252,109,106,964
2008-12-01,1.93439865433137,1.5,1.3056120080073619,1.2233375,4.0,2908.0,1370.0,374100.0,413300.0,231200.0,324200.0,281100.0,148,76,113,762
2009-01-01,1.17845117845117,1.0,-5.330581399804501,1.2251625,4.1,3175.0,1561.0,365600.0,405200.0,225600.0,315000.0,275100.0,274,20,78,558
2009-02-01,2.1008403361344503,1.0,-5.330581399804501,1.2450625,4.5,3175.0,1561.0,363700.0,402700.0,224000.0,313500.0,274300.0,0,33,94,531
2009-03-01,0.91819699499165,0.5,-5.330581399804501,1.26021,4.9,3175.0,1561.0,363500.0,402100.0,223300.0,313700.0,270100.0,165,18,70,449
2009-04-01,-0.7419620774938099,0.25,-5.330581399804501,1.2207124999999999,5.6,3388.0,577.0,363200.0,399500.0,222000.0,315600.0,267600.0,9,128,118,618
2009-05-01,-0.65466448445171,0.25,-5.330581399804501,1.13924,6.0,3388.0,577.0,367300.0,404500.0,220600.0,317800.0,266400.0,34,50,159,820
2009-06-01,-1.6129032258064497,0.25,-5.330581399804501,1.1367375,6.0,3388.0,577.0,370700.0,409600.0,222200.0,318600.0,268100.0,33,247,355,956
2009-07-01,-1.45985401459854,0.25,-5.330581399804501,1.1211125,6.2,3001.0,-674.0,376100.0,414300.0,223300.0,324200.0,271800.0,76,190,256,1102
2009-08-01,-1.69218372280419,0.25,-5.330581399804501,1.08933,6.2,3001.0,-674.0,380800.0,419900.0,227000.0,327200.0,276300.0,217,59,184,1234
2009-09-01,-1.0586319218241,0.25,-5.330581399804501,1.0798375,6.1,3001.0,-674.0,383400.0,423900.0,227900.0,327700.0,279600.0,56,199,280,1527
2009-10-01,0.08230452674897,0.25,-5.330581399804501,1.05115,6.9,1242.0,-734.0,387700.0,428300.0,229300.0,331500.0,281400.0,189,240,367,1533
2009-11-01,0.82236842105263,0.25,-5.330581399804501,1.06015,6.8,1242.0,-734.0,389700.0,432300.0,229000.0,330600.0,281200.0,165,244,288,1619
2009-12-01,0.57755775577557,0.25,-5.330581399804501,1.0568125,6.1,1242.0,-734.0,390800.0,433900.0,230300.0,331300.0,281300.0,316,86,190,1307
2010-01-01,1.7470881863560699,0.25,5.112555912875916,1.0486,6.3,1947.0,49.0,392600.0,434100.0,230100.0,335300.0,283700.0,5,141,220,1003
2010-02-01,0.9876543209876499,0.25,5.112555912875916,1.050775,6.5,1947.0,49.0,396800.0,438500.0,232800.0,339400.0,287000.0,3,169,208,1307
2010-03-01,0.9925558312655001,0.25,5.112555912875916,1.0194874999999999,6.2,1947.0,49.0,402100.0,445800.0,237500.0,342100.0,291700.0,404,126,274,1337
2010-04-01,1.57807308970099,0.25,5.112555912875916,1.0063,6.4,2855.0,267.0,404700.0,449400.0,236400.0,343300.0,295200.0,654,209,232,1616
2010-05-01,1.07084019769357,0.25,5.112555912875916,1.04612,6.0,2855.0,267.0,405200.0,449800.0,237100.0,343700.0,295400.0,247,209,250,1593
2010-06-01,0.57377049180327,0.5,5.112555912875916,1.0390875,5.8,2855.0,267.0,401800.0,445500.0,235500.0,341400.0,293800.0,115,200,212,1603
2010-07-01,1.48148148148148,0.75,5.112555912875916,1.0426,5.8,2508.0,-1.0,399400.0,441700.0,234700.0,340500.0,293200.0,487,253,218,1565
2010-08-01,0.57377049180327,0.75,5.112555912875916,1.04077,5.6,2508.0,-1.0,394900.0,437600.0,234300.0,335100.0,292800.0,309,125,245,1292
2010-09-01,0.9053497942386799,1.0,5.112555912875916,1.0309499999999998,5.4,2508.0,-1.0,390600.0,432100.0,236600.0,332000.0,291000.0,722,169,170,1191
2010-10-01,1.15131578947368,1.0,5.112555912875916,1.01664,5.3,-179.0,443.0,385300.0,427500.0,234000.0,325600.0,287700.0,288,358,196,1155
2010-11-01,0.08156606851549,1.0,5.112555912875916,1.0131375,5.1,-179.0,443.0,384400.0,427300.0,229500.0,323800.0,284800.0,194,188,161,1115
2010-12-01,0.82034454470877,1.0,5.112555912875916,1.0073875,5.0,-179.0,443.0,380500.0,422800.0,223200.0,320700.0,281500.0,196,127,151,910
2011-01-01,0.98119378577269,1.0,6.739055914540315,0.99426,4.6,1652.0,1053.0,382500.0,424100.0,221600.0,324100.0,279200.0,181,184,111,710
2011-02-01,1.22249388753056,1.0,6.739055914540315,0.9845875000000001,4.6,1652.0,1053.0,386300.0,429800.0,223000.0,325100.0,279300.0,151,94,199,981
2011-03-01,1.96560196560196,1.0,6.739055914540315,0.9773375,4.5,1652.0,1053.0,393000.0,437200.0,224700.0,330700.0,283100.0,434,186,153,638
2011-04-01,3.02534750613246,1.0,6.739055914540315,0.9578375,4.8,2889.0,1318.0,396200.0,440000.0,227100.0,334200.0,284400.0,153,146,225,1122
2011-05-01,2.77098614506927,1.0,6.739055914540315,0.9690799999999999,4.2,2889.0,1318.0,398500.0,442700.0,227800.0,335900.0,284100.0,241,208,276,1402
2011-06-01,2.11898940505297,1.0,6.739055914540315,0.9772624999999999,4.4,2889.0,1318.0,400200.0,443700.0,228200.0,338700.0,286500.0,261,183,239,1264
2011-07-01,1.9464720194647198,1.0,6.739055914540315,0.9595699999999999,4.7,2662.0,1319.0,400500.0,444200.0,229800.0,338900.0,288100.0,429,136,217,1362
2011-08-01,2.93398533007334,1.0,6.739055914540315,0.9847625,4.6,2662.0,1319.0,399900.0,443000.0,229200.0,338900.0,288000.0,652,284,253,1410
2011-09-01,2.77324632952691,1.0,6.739055914540315,1.0053125,4.7,2662.0,1319.0,397600.0,438900.0,229000.0,338900.0,287600.0,284,138,272,1355
2011-10-01,3.4146341463414602,1.0,6.739055914540315,1.01925,4.1,2781.0,1632.0,396500.0,439100.0,227600.0,336100.0,287000.0,1076,176,237,1151
2011-11-01,3.17848410757946,1.0,6.739055914540315,1.0255625,4.0,2781.0,1632.0,392000.0,434600.0,224800.0,331600.0,287100.0,593,353,268,1164
2011-12-01,2.92921074043938,1.0,6.739055914540315,1.0239375,3.9,2781.0,1632.0,391900.0,433300.0,224100.0,333400.0,284500.0,492,195,260,1106
2012-01-01,2.9149797570850198,1.0,3.998749351862929,1.01267,4.3,2750.0,3477.0,393000.0,434400.0,222400.0,334500.0,285000.0,374,193,188,815
2012-02-01,1.9323671497584498,1.0,3.998749351862929,0.9970875,4.3,2750.0,3477.0,396500.0,436900.0,228700.0,339100.0,285500.0,634,264,235,1033
2012-03-01,1.6867469879518,1.0,3.998749351862929,0.9942,4.4,2750.0,3477.0,401600.0,443300.0,229500.0,342100.0,284400.0,999,186,261,987
2012-04-01,0.7936507936507899,1.0,3.998749351862929,0.99304,4.3,4411.0,2789.0,406400.0,448300.0,231500.0,346900.0,283900.0,1143,274,332,1352
2012-05-01,0.39651070578905,1.0,3.998749351862929,1.0164625,3.7,4411.0,2789.0,410500.0,452200.0,234400.0,351100.0,287500.0,738,302,307,1337
2012-06-01,1.27693535514764,1.0,3.998749351862929,1.0270625,3.7,4411.0,2789.0,413000.0,454700.0,235200.0,353300.0,289400.0,616,395,317,1448
2012-07-01,0.87509944311853,1.0,3.998749351862929,1.0124900000000001,3.9,3359.0,3261.0,411500.0,452100.0,235100.0,353300.0,292900.0,510,337,418,1595
2012-08-01,1.02929532858273,1.0,3.998749351862929,0.9912,3.5,3359.0,3261.0,413000.0,453300.0,235100.0,355300.0,289700.0,315,339,374,1423
2012-09-01,1.42857142857142,1.0,3.998749351862929,0.97858,3.5,3359.0,3261.0,413400.0,453900.0,235700.0,355300.0,289300.0,745,285,308,1390
2012-10-01,0.62893081761006,1.0,3.998749351862929,0.9888250000000001,4.0,2667.0,2568.0,415500.0,454400.0,234800.0,359300.0,290400.0,829,235,289,1216
2012-11-01,0.55292259083728,1.0,3.998749351862929,0.9967999999999999,3.7,2667.0,2568.0,414700.0,453000.0,235100.0,359200.0,291800.0,1163,152,452,1376
2012-12-01,0.0,1.0,3.998749351862929,0.99014,3.7,2667.0,2568.0,414800.0,454500.0,232600.0,357000.0,292400.0,369,275,261,1220
2013-01-01,-0.47206923682140006,1.0,5.764809590013842,0.9941875,4.0,4183.0,3248.0,416400.0,455800.0,234800.0,358700.0,293400.0,322,226,246,973
2013-02-01,0.86887835703001,1.0,5.764809590013842,1.0114375,3.7,4183.0,3248.0,423400.0,463900.0,238500.0,363800.0,299600.0,525,336,326,1131
2013-03-01,1.18483412322274,1.0,5.764809590013842,1.02254,3.9,4183.0,3248.0,429100.0,469800.0,243100.0,369000.0,304500.0,614,234,357,1178
2013-04-01,1.33858267716535,1.0,5.764809590013842,1.0173375,3.4,5887.0,3787.0,434300.0,475500.0,244300.0,372900.0,309000.0,834,451,327,1468
2013-05-01,2.29067930489731,1.0,5.764809590013842,1.0235750000000001,3.8,5887.0,3787.0,437000.0,476600.0,247200.0,377800.0,309900.0,1293,379,308,1485
2013-06-01,2.28526398739164,1.0,5.764809590013842,1.0363799999999999,3.9,5887.0,3787.0,439100.0,479400.0,248400.0,378500.0,310900.0,1083,240,351,1501
2013-07-01,2.2082018927444698,1.0,5.764809590013842,1.0372875,3.9,4610.0,3411.0,440800.0,480600.0,251500.0,380500.0,311700.0,748,393,355,1538
2013-08-01,1.41065830721003,1.0,5.764809590013842,1.0411,4.0,4610.0,3411.0,443100.0,483900.0,254300.0,381200.0,313600.0,231,264,369,1581
2013-09-01,1.33020344287949,1.0,5.764809590013842,1.03451,3.8,4610.0,3411.0,446000.0,486800.0,255100.0,383800.0,317200.0,460,258,300,1474
2013-10-01,1.015625,1.0,5.764809590013842,1.037725,3.9,3027.0,1829.0,448800.0,489500.0,256300.0,386500.0,318400.0,750,372,350,1418
2013-11-01,1.7282010997643302,1.0,5.764809590013842,1.0498125,3.8,3027.0,1829.0,448400.0,487900.0,256600.0,387800.0,321100.0,1170,426,312,1476
2013-12-01,2.05533596837944,1.0,5.764809590013842,1.06473,4.1,3027.0,1829.0,450200.0,490000.0,257700.0,388900.0,319900.0,987,252,236,1084
2014-01-01,2.68774703557312,1.0,5.856587028521809,1.0969125,3.8,3571.0,2922.0,454900.0,494200.0,258400.0,394100.0,323100.0,885,271,308,1036
2014-02-01,2.4275646045418897,1.0,5.856587028521809,1.1052,3.8,3571.0,2922.0,465400.0,504800.0,262600.0,404400.0,327700.0,637,239,298,1297
2014-03-01,3.9032006245121003,1.0,5.856587028521809,1.1084900000000002,4.0,3571.0,2922.0,471800.0,511400.0,265300.0,410100.0,334600.0,1108,207,360,1083
2014-04-01,2.7195027195027097,1.0,5.856587028521809,1.0984375,4.1,4225.0,3631.0,476900.0,517100.0,270400.0,414100.0,335400.0,947,442,425,1448
2014-05-01,2.54826254826254,1.0,5.856587028521809,1.088525,4.0,4225.0,3631.0,482200.0,523300.0,273500.0,417800.0,340300.0,474,370,421,1456
2014-06-01,1.9260400616332802,1.0,5.856587028521809,1.07956,4.2,4225.0,3631.0,484500.0,525000.0,276800.0,420600.0,340000.0,1947,506,431,1539
2014-07-01,2.54629629629629,1.0,5.856587028521809,1.076775,3.5,3193.0,2128.0,484800.0,526100.0,275500.0,419500.0,340700.0,511,394,423,1803
2014-08-01,2.55023183925811,1.0,5.856587028521809,1.0916299999999999,4.1,3193.0,2128.0,484800.0,525300.0,276700.0,420500.0,342600.0,1071,380,385,1732
2014-09-01,2.6254826254826202,1.0,5.856587028521809,1.104975,3.7,3193.0,2128.0,485900.0,527300.0,278100.0,420100.0,343800.0,1359,413,328,1513
2014-10-01,3.01624129930394,1.0,5.856587028521809,1.1229624999999999,4.3,876.0,1025.0,484800.0,524700.0,279500.0,421200.0,344500.0,805,410,465,1567
2014-11-01,2.007722007722,1.0,5.856587028521809,1.13406,4.2,876.0,1025.0,485700.0,527800.0,279100.0,418100.0,345000.0,762,381,426,1510
2014-12-01,1.8590240123934902,1.0,5.856587028521809,1.160025,4.3,876.0,1025.0,483500.0,523600.0,278100.0,418800.0,344800.0,556,328,349,1262
2015-01-01,0.84680523479599,0.75,-3.4842592755724877,1.21285,4.0,460.0,2160.0,484700.0,523500.0,275400.0,422100.0,343600.0,1481,225,265,965
2015-02-01,0.91743119266055,0.75,-3.4842592755724877,1.2527875,4.5,460.0,2160.0,481300.0,521100.0,274500.0,417100.0,340800.0,1073,613,304,1193
2015-03-01,-0.07513148009015,0.75,-3.4842592755724877,1.2599,4.8,460.0,2160.0,478700.0,520500.0,274200.0,411200.0,337800.0,1862,390,337,1086
2015-04-01,0.68078668683812,0.75,-3.4842592755724877,1.2293249999999998,4.9,4170.0,1883.0,477400.0,518900.0,272500.0,410200.0,335200.0,763,275,374,1111
2015-05-01,0.6024096385542099,0.75,-3.4842592755724877,1.22258,5.2,4170.0,1883.0,475200.0,514600.0,271500.0,411000.0,335800.0,720,392,389,1104
2015-06-01,1.66288737717309,0.75,-3.4842592755724877,1.2342625,5.7,4170.0,1883.0,477300.0,516800.0,270300.0,412900.0,336200.0,1422,408,394,1130
2015-07-01,1.27915726109857,0.5,-3.4842592755724877,1.2874375,5.3,2769.0,-666.0,478700.0,519100.0,271200.0,412700.0,337000.0,1066,379,342,1123
2015-08-01,1.73323285606631,0.5,-3.4842592755724877,1.31552,5.8,2769.0,-666.0,479000.0,519000.0,270800.0,413300.0,336200.0,873,537,340,1133
2015-09-01,1.27915726109857,0.5,-3.4842592755724877,1.3244375,6.1,2769.0,-666.0,477500.0,517200.0,269200.0,412000.0,337600.0,1292,321,304,1016
2015-10-01,1.42642642642642,0.5,-3.4842592755724877,1.305275,6.0,2173.0,-904.0,473500.0,512800.0,267800.0,408600.0,332800.0,790,285,286,1120
2015-11-01,1.9682059046177098,0.5,-3.4842592755724877,1.32962,6.3,2173.0,-904.0,468500.0,508400.0,266100.0,402500.0,332100.0,1707,431,297,954
2015-12-01,1.52091254752851,0.5,-3.4842592755724877,1.3792625,6.8,2173.0,-904.0,466700.0,507900.0,263500.0,398700.0,330700.0,571,252,228,769
2016-01-01,2.06106870229007,0.5,-3.637990502091215,1.4143000000000001,6.8,3515.0,-1464.0,464100.0,505800.0,262000.0,395200.0,329100.0,366,239,218,630
2016-02-01,1.36363636363636,0.5,-3.637990502091215,1.3703625,7.2,3515.0,-1464.0,460800.0,500800.0,261800.0,394700.0,327800.0,415,269,204,697
2016-03-01,1.50375939849624,0.5,-3.637990502091215,1.317175,6.5,3515.0,-1464.0,459500.0,500100.0,259700.0,392100.0,323800.0,530,165,212,650
2016-04-01,1.50262960180315,0.5,-3.637990502091215,1.2841625,6.7,3970.0,-2004.0,460700.0,499000.0,259900.0,397300.0,324700.0,1018,212,224,747
2016-05-01,1.49700598802395,0.5,-3.637990502091215,1.29354,7.5,3970.0,-2004.0,462700.0,501100.0,259700.0,398700.0,322700.0,479,259,210,749
2016-06-01,1.33828996282527,0.5,-3.637990502091215,1.290475,6.9,3970.0,-2004.0,463600.0,503000.0,260000.0,397700.0,321000.0,467,252,384,844
2016-07-01,0.74294205052005,0.5,-3.637990502091215,1.3048,7.8,2480.0,-1522.0,465200.0,503200.0,257700.0,401500.0,320400.0,829,162,232,916
2016-08-01,0.6666666666666601,0.5,-3.637990502091215,1.297675,7.0,2480.0,-1522.0,466200.0,504100.0,256200.0,402700.0,320100.0,314,227,249,849
2016-09-01,0.52005943536404,0.5,-3.637990502091215,1.308975,7.7,2480.0,-1522.0,465100.0,503400.0,254300.0,400700.0,320900.0,586,346,332,1075
2016-10-01,0.5181347150259,0.5,-3.637990502091215,1.32677,7.2,1535.0,-955.0,463200.0,502700.0,253600.0,396700.0,318400.0,556,250,331,927
2016-11-01,0.22271714922048,0.5,-3.637990502091215,1.34385,7.7,1535.0,-955.0,461200.0,502200.0,253800.0,392100.0,317600.0,537,176,314,1016
2016-12-01,1.04868913857677,0.5,-3.637990502091215,1.336125,7.6,1535.0,-955.0,461200.0,501400.0,248000.0,393100.0,316300.0,586,192,276,909
2017-01-01,2.46821241585639,0.5,4.258362891689038,1.3189600000000001,7.4,2085.0,-1027.0,461700.0,502800.0,247800.0,392100.0,316200.0,135,82,234,651
2017-02-01,2.16741405082212,0.5,4.258362891689038,1.314325,6.6,2085.0,-1027.0,465600.0,506300.0,248100.0,396700.0,314400.0,502,253,280,891
2017-03-01,1.33333333333333,0.5,4.258362891689038,1.338075,7.3,2085.0,-1027.0,468900.0,508900.0,253400.0,401200.0,313800.0,1296,299,206,719
2017-04-01,1.70244263508512,0.5,4.258362891689038,1.34734,7.0,3228.0,-1684.0,471400.0,510900.0,252500.0,404400.0,319800.0,740,402,297,1107
2017-05-01,1.17994100294985,0.5,4.258362891689038,1.356875,7.0,3228.0,-1684.0,475800.0,514700.0,253200.0,409700.0,322100.0,813,397,261,1117
2017-06-01,0.44020542920029,0.5,4.258362891689038,1.3295249999999998,6.6,3228.0,-1684.0,479000.0,517300.0,252900.0,413300.0,324600.0,663,311,362,1277
2017-07-01,1.03244837758112,0.75,4.258362891689038,1.26777,7.1,3169.0,-425.0,478500.0,517500.0,252800.0,411600.0,324400.0,857,328,382,1291
2017-08-01,1.10375275938189,0.75,4.258362891689038,1.2599125,7.1,3169.0,-425.0,479000.0,517200.0,251600.0,413400.0,323400.0,229,381,344,1234
2017-09-01,1.25646711012564,1.0,4.258362891689038,1.2276500000000001,6.5,3169.0,-425.0,476400.0,514500.0,251900.0,411000.0,325200.0,515,313,356,1209
2017-10-01,1.32547864506627,1.0,4.258362891689038,1.26272,6.5,1881.0,-337.0,473300.0,510900.0,249800.0,408600.0,324200.0,656,336,327,1083
2017-11-01,2.5185185185185097,1.0,4.258362891689038,1.27605,6.1,1881.0,-337.0,471300.0,509200.0,248200.0,406000.0,320700.0,1234,268,273,1027
2017-12-01,2.00148257968865,1.0,4.258362891689038,1.26912,5.6,1881.0,-337.0,469400.0,507800.0,247600.0,403400.0,315500.0,146,322,235,984
2018-01-01,1.38686131386861,1.25,2.0756738468478586,1.242025,5.6,2343.0,-58.0,470200.0,510100.0,247700.0,401500.0,312600.0,358,291,219,773
2018-02-01,2.1945866861741,1.25,2.0756738468478586,1.2624625,5.6,2343.0,-58.0,473700.0,513200.0,246000.0,405500.0,313500.0,310,362,252,783
2018-03-01,2.26608187134502,1.25,2.0756738468478586,1.2926125000000002,5.0,2343.0,-58.0,476400.0,515100.0,245800.0,409900.0,316700.0,537,369,185,801
2018-04-01,2.32896652110625,1.25,2.0756738468478586,1.2770299999999999,5.4,3278.0,-264.0,477600.0,517200.0,247300.0,409200.0,320500.0,844,156,322,965
2018-05-01,2.5510204081632604,1.25,2.0756738468478586,1.2873875,5.2,3278.0,-264.0,477000.0,514500.0,248800.0,412300.0,321900.0,1176,324,300,1075
2018-06-01,2.77574872169466,1.25,2.0756738468478586,1.3142375,5.5,3278.0,-264.0,476700.0,514300.0,251500.0,411600.0,325400.0,684,172,320,1032
2018-07-01,3.50364963503649,1.5,2.0756738468478586,1.31258,5.8,3844.0,-81.0,473900.0,511300.0,253400.0,409600.0,325900.0,826,352,278,1094
2018-08-01,3.05676855895196,1.5,2.0756738468478586,1.3050375,5.6,3844.0,-81.0,471900.0,508500.0,251300.0,408700.0,323600.0,1178,313,287,1016
2018-09-01,2.992700729927,1.5,2.0756738468478586,1.3010899999999999,5.9,3844.0,-81.0,467700.0,503300.0,250400.0,406200.0,321500.0,411,289,249,878
2018-10-01,2.76162790697674,1.75,2.0756738468478586,1.304875,6.2,2305.0,19.0,467800.0,503300.0,247400.0,406100.0,320800.0,216,223,236,740
2018-11-01,1.6618497109826502,1.75,2.0756738468478586,1.32105,5.4,2305.0,19.0,464600.0,500200.0,245700.0,402900.0,318100.0,671,395,234,828
2018-12-01,2.1075581395348797,1.75,2.0756738468478586,1.34559,5.8,2305.0,19.0,459800.0,496000.0,244500.0,397100.0,316600.0,241,321,172,697
2019-01-01,1.15190784737221,1.75,0.11518000673955697,1.3256999999999999,5.8,2476.0,47.0,455500.0,489400.0,246300.0,396500.0,311000.0,587,360,133,594
2019-02-01,1.6463851109520402,1.75,0.11518000673955697,1.3223624999999999,6.0,2476.0,47.0,455000.0,490000.0,245100.0,394300.0,309300.0,528,226,134,513
2019-03-01,2.28734810578985,1.75,0.11518000673955697,1.33645,5.7,2476.0,47.0,457200.0,493000.0,247400.0,394800.0,309000.0,263,306,149,534
2019-04-01,2.20483641536273,1.75,0.11518000673955697,1.3384375,5.7,4268.0,-664.0,458400.0,495600.0,246500.0,393700.0,310600.0,976,181,178,725
2019-05-01,2.34541577825159,1.75,0.11518000673955697,1.345625,5.5,4268.0,-664.0,460400.0,497400.0,246700.0,396000.0,310100.0,428,307,284,779
2019-06-01,1.42146410803127,1.75,0.11518000673955697,1.32483,5.5,4268.0,-664.0,462500.0,500100.0,242700.0,397000.0,309600.0,926,509,306,949
2019-07-01,1.26939351198871,1.75,0.11518000673955697,1.311,5.7,4726.0,23.0,462200.0,499000.0,244600.0,398200.0,312100.0,1184,223,236,828
2019-08-01,1.27118644067796,1.75,0.11518000673955697,1.3273000000000001,6.5,4726.0,23.0,462600.0,499800.0,242300.0,397800.0,311000.0,1045,307,295,961
2019-09-01,1.27569099929128,1.75,0.11518000673955697,1.3252700000000002,5.1,4726.0,23.0,461600.0,498300.0,242700.0,397800.0,310600.0,1359,228,223,952
2019-10-01,1.5558698727015499,1.75,0.11518000673955697,1.3162375,5.3,3371.0,236.0,459600.0,495400.0,245200.0,397500.0,309000.0,560,307,230,838
2019-11-01,2.06112295664534,1.75,0.11518000673955697,1.3238375,5.9,3371.0,236.0,454300.0,488900.0,243800.0,394500.0,309300.0,697,316,249,946
2019-12-01,2.27758007117437,1.75,0.11518000673955697,1.31438,5.6,3371.0,236.0,453200.0,489200.0,241800.0,391100.0,307500.0,1679,328,263,831
2020-01-01,2.9893238434163703,1.75,-7.789907885366953,1.3095249999999998,6.2,2161.0,298.0,451600.0,486600.0,239600.0,391100.0,305100.0,409,238,164,603
2020-02-01,2.4647887323943602,1.75,-7.789907885366953,1.328475,5.9,2161.0,298.0,454000.0,488500.0,238200.0,394500.0,307800.0,200,281,207,691
2020-03-01,0.69881201956673,0.25,-7.789907885366953,1.3942,6.9,2161.0,298.0,456900.0,491900.0,240600.0,396400.0,306400.0,915,303,251,832
2020-04-01,-0.48712595685455,0.25,-7.789907885366953,1.4055499999999999,11.5,153.0,-1351.0,452900.0,489000.0,237600.0,390500.0,302500.0,912,164,207,636
2020-05-01,0.06944444444444,0.25,-7.789907885366953,1.3899599999999999,13.5,153.0,-1351.0,453500.0,488600.0,233600.0,392700.0,301200.0,580,213,147,632
2020-06-01,1.6117729502452698,0.25,-7.789907885366953,1.35755,11.7,153.0,-1351.0,452600.0,488500.0,230600.0,390300.0,301500.0,310,137,182,669
2020-07-01,0.90529247910863,0.25,-7.789907885366953,1.3499375000000002,10.2,-172.0,-212.0,458900.0,494300.0,235100.0,397500.0,303200.0,799,251,183,711
2020-08-01,0.557880055788,0.25,-7.789907885366953,1.32087,9.6,-172.0,-212.0,460800.0,495400.0,237300.0,400800.0,305100.0,506,298,211,722
2020-09-01,1.46955913226032,0.25,-7.789907885366953,1.3243500000000001,9.5,-172.0,-212.0,463000.0,497200.0,238200.0,403600.0,307400.0,925,255,204,781
2020-10-01,1.1142061281337001,0.25,-7.789907885366953,1.31995,8.9,1578.0,-477.0,464800.0,500000.0,239900.0,403700.0,312200.0,1294,246,272,848
2020-11-01,1.25348189415041,0.25,-7.789907885366953,1.3051,8.8,1578.0,-477.0,466600.0,502700.0,241500.0,404100.0,310700.0,777,255,246,936
2020-12-01,0.76548364648573,0.25,-7.789907885366953,1.279225,8.4,1578.0,-477.0,466800.0,501800.0,239100.0,406400.0,307400.0,1076,243,206,914
2021-01-01,0.76019350380096,0.25,5.323878146843741,1.27443,8.5,2065.0,-1009.0,468400.0,504600.0,240400.0,406000.0,307300.0,822,243,185,816
2021-02-01,0.61855670103092,0.25,5.323878146843741,1.2661875,8.1,2065.0,-1009.0,476900.0,514200.0,236400.0,412600.0,312200.0,524,263,212,855
2021-03-01,1.9430950728660599,0.25,5.323878146843741,1.254125,8.2,2065.0,-1009.0,492800.0,529900.0,241100.0,428600.0,317200.0,556,317,226,875
2021-04-01,3.2867132867132804,0.25,5.323878146843741,1.251125,7.5,1509.0,-1457.0,500600.0,538100.0,245900.0,435400.0,323000.0,697,347,398,1362
2021-05-01,3.12283136710617,0.25,5.323878146843741,1.21169,7.5,1509.0,-1457.0,507400.0,544800.0,250700.0,442100.0,326500.0,1129,325,292,1169
2021-06-01,2.68965517241379,0.25,5.323878146843741,1.2287375,7.4,1509.0,-1457.0,511900.0,549700.0,251700.0,445600.0,327500.0,695,326,268,1239
2021-07-01,3.72670807453416,0.25,5.323878146843741,1.2535625,7.1,4319.0,82.0,514100.0,550000.0,252300.0,450700.0,330500.0,777,375,252,1301
2021-08-01,4.71567267683772,0.25,5.323878146843741,1.26113,6.5,4319.0,82.0,511600.0,549200.0,249900.0,445300.0,330100.0,934,247,227,1234
2021-09-01,4.0,0.25,5.323878146843741,1.2691249999999998,6.3,4319.0,82.0,509500.0,547800.0,247400.0,442100.0,329400.0,507,338,182,1125
2021-10-01,4.33884297520661,0.25,5.323878146843741,1.2418900000000002,6.4,3653.0,249.0,512000.0,553100.0,247800.0,440000.0,328600.0,1258,407,188,1132
2021-11-01,4.26409903713892,0.25,5.323878146843741,1.264025,6.1,3653.0,249.0,512600.0,553800.0,248900.0,440700.0,328500.0,1744,367,264,1110
2021-12-01,4.76519337016574,0.25,5.323878146843741,1.2787375,5.4,3653.0,249.0,516700.0,560400.0,248900.0,440500.0,328300.0,899,278,221,1104
2022-01-01,4.80109739368998,0.25,6.142151414844665,1.26403,5.3,3670.0,433.0,531200.0,579500.0,253300.0,446900.0,334300.0,788,240,130,567
2022-02-01,5.5327868852459,0.25,6.142151414844665,1.272375,5.0,3670.0,433.0,565600.0,617600.0,258100.0,474200.0,349000.0,759,331,199,918
2022-03-01,6.535057862491491,0.5,6.142151414844665,1.2643125,4.8,3670.0,433.0,582300.0,635600.0,264900.0,488400.0,361400.0,753,225,222,1079
2022-04-01,6.2965470548408895,1.0,6.142151414844665,1.2619625,4.7,7608.0,1117.0,590900.0,642600.0,268400.0,499800.0,371600.0,1391,406,299,1434
2022-05-01,7.13324360699865,1.0,6.142151414844665,1.28226,4.5,7608.0,1117.0,592400.0,645200.0,271900.0,499500.0,374600.0,1726,554,262,1374
2022-06-01,8.39489590329079,1.5,6.142151414844665,1.2860375,4.2,7608.0,1117.0,590800.0,644000.0,275000.0,497400.0,375300.0,1188,362,237,1558
2022-07-01,7.385229540918161,2.5,6.142151414844665,1.29405,3.8,9978.0,4386.0,587300.0,640300.0,276300.0,494100.0,374000.0,1618,360,226,1356
2022-08-01,5.96026490066225,2.5,6.142151414844665,1.2948,4.8,9978.0,4386.0,580600.0,632200.0,274900.0,490300.0,374200.0,936,350,236,1290
2022-09-01,6.16710875331565,3.25,6.142151414844665,1.3334625,4.6,9978.0,4386.0,575300.0,627200.0,273000.0,484600.0,373700.0,1154,502,306,1461
2022-10-01,6.79867986798679,3.75,6.142151414844665,1.37053,4.3,8841.0,2591.0,571100.0,623500.0,273800.0,479600.0,373200.0,2097,506,224,1088
2022-11-01,6.596306068601581,3.75,6.142151414844665,1.3410125,5.2,8841.0,2591.0,567300.0,621100.0,273700.0,473400.0,370000.0,1223,286,221,882
2022-12-01,5.9986816084377,4.25,6.142151414844665,1.3583124999999998,4.8,8841.0,2591.0,564600.0,617100.0,272700.0,473200.0,369300.0,678,402,183,856
2023-01-01,5.0392670157068,4.5,2.34153594528288,1.34215,5.1,10368.0,3257.0,570100.0,622700.0,276600.0,478500.0,370400.0,974,314,141,539
2023-02-01,3.62459546925566,4.5,2.34153594528288,1.3489624999999998,5.1,10368.0,3257.0,581000.0,634900.0,284900.0,487200.0,378800.0,829,416,184,794
2023-03-01,3.32268370607028,4.5,2.34153594528288,1.37,5.1,10368.0,3257.0,590800.0,644500.0,288800.0,497600.0,384900.0,800,306,205,698
2023-04-01,4.26751592356687,4.5,2.34153594528288,1.34893,5.1,10711.0,2900.0,604100.0,656300.0,295200.0,513400.0,393600.0,755,458,218,925
2023-05-01,3.07788944723618,4.5,2.34153594528288,1.3505,4.9,10711.0,2900.0,612600.0,666700.0,297600.0,518600.0,401600.0,1296,463,305,1026
2023-06-01,1.8587360594795501,4.75,2.34153594528288,1.3266875,4.8,10711.0,2900.0,622300.0,676800.0,302100.0,527900.0,410700.0,518,496,205,1149
2023-07-01,2.8500619578686397,5.0,2.34153594528288,1.32282,5.1,13576.0,5061.0,627000.0,680400.0,304400.0,534800.0,416200.0,1556,377,292,1147
2023-08-01,4.25,5.0,2.34153594528288,1.3514624999999998,4.7,13576.0,5061.0,631000.0,685800.0,307400.0,536500.0,420700.0,1468,581,247,1115
2023-09-01,3.6851967520299804,5.0,2.34153594528288,1.353775,4.2,13576.0,5061.0,630500.0,684800.0,311200.0,537100.0,424800.0,2172,500,251,1185
2023-10-01,2.10135970333745,5.0,2.34153594528288,1.3704,5.1,11815.0,2861.0,633100.0,687500.0,314700.0,539900.0,431000.0,1223,558,310,1318
2023-11-01,2.4752475247524703,5.0,2.34153594528288,1.3684625000000001,4.7,11815.0,2861.0,635700.0,691000.0,317800.0,540700.0,434800.0,1412,521,233,1254
2023-12-01,2.98507462686567,5.0,2.34153594528288,1.33782,4.7,11815.0,2861.0,632600.0,686300.0,318300.0,540300.0,432200.0,1513,542,247,1189
2024-01-01,3.36448598130841,5.0,2.34153594528288,1.3434625,4.8,12447.0,3442.0,638200.0,689100.0,322200.0,550600.0,433100.0,1524,386,204,815
2024-02-01,4.18488444722048,5.0,2.34153594528288,1.3503625000000001,4.5,12447.0,3442.0,654500.0,708900.0,327200.0,560600.0,442900.0,1913,508,283,989
2024-03-01,3.4632034632034596,5.0,2.34153594528288,1.35354,5.0,12447.0,3442.0,667900.0,718800.0,334300.0,580100.0,452800.0,1414,398,310,1000
2024-04-01,2.99328039095907,5.0,2.34153594528288,1.370975,5.4,10625.0,3218.0,677600.0,729400.0,341100.0,588900.0,462000.0,1643,619,333,1231
2024-05-01,3.0469226081657497,5.0,2.34153594528288,1.3669125,5.9,10625.0,3218.0,687200.0,739700.0,345700.0,597400.0,468700.0,2027,469,324,1328
2024-06-01,3.04136253041362,4.75,2.34153594528288,1.3698599999999999,5.8,10625.0,3218.0,690900.0,745300.0,349200.0,598100.0,470500.0,1280,587,338,1586
2024-07-01,2.65060240963855,4.5,2.34153594528288,1.3729375,5.7,10625.0,3218.0,691400.0,747600.0,351500.0,595700.0,469800.0,1978,486,377,1461
2024-08-01,2.03836930455635,4.5,2.34153594528288,1.3653625,6.6,10625.0,3218.0,688900.0,742700.0,352200.0,597200.0,467800.0,1619,593,342,1444
2024-09-01,1.92771084337349,4.25,2.34153594528288,1.35449,6.5,10625.0,3218.0,684400.0,739400.0,351200.0,590500.0,467200.0,1500,560,265,1441
2024-10-01,2.9661016949152503,3.75,2.34153594528288,1.38075,6.1,10625.0,3218.0,681000.0,735300.0,346500.0,588000.0,464000.0,1924,743,332,1395
