Date,Value,labels
1979-09-01T00:00:00,0.09408602150537634,1979-09-01T00:00:00
1979-10-01T00:00:00,0.09042553191489362,1979-10-01T00:00:00
1979-11-01T00:00:00,0.08970976253298153,1979-11-01T00:00:00
1979-12-01T00:00:00,0.09473684210526316,1979-12-01T00:00:00
1980-01-01T00:00:00,0.09424083769633508,1980-01-01T00:00:00
1980-02-01T00:00:00,0.08527131782945736,1980-02-01T00:00:00
1980-03-01T00:00:00,0.08439897698209718,1980-03-01T00:00:00
1980-04-01T00:00:00,0.08629441624365482,1980-04-01T00:00:00
1980-05-01T00:00:00,0.0906801007556675,1980-05-01T00:00:00
1980-06-01T00:00:00,0.09774436090225563,1980-06-01T00:00:00
1980-07-01T00:00:00,0.0967741935483871,1980-07-01T00:00:00
1980-08-01T00:00:00,0.10148514851485149,1980-08-01T00:00:00
1980-09-01T00:00:00,0.10565110565110565,1980-09-01T00:00:00
1980-10-01T00:00:00,0.11463414634146342,1980-10-01T00:00:00
1980-11-01T00:00:00,0.12590799031476999,1980-11-01T00:00:00
1980-12-01T00:00:00,0.12259615384615384,1980-12-01T00:00:00
1981-01-01T00:00:00,0.1291866028708134,1981-01-01T00:00:00
1981-02-01T00:00:00,0.1357142857142857,1981-02-01T00:00:00
1981-03-01T00:00:00,0.13443396226415094,1981-03-01T00:00:00
1981-04-01T00:00:00,0.12850467289719625,1981-04-01T00:00:00
1981-05-01T00:00:00,0.13163972286374134,1981-05-01T00:00:00
1981-06-01T00:00:00,0.13470319634703196,1981-06-01T00:00:00
1981-07-01T00:00:00,0.13574660633484162,1981-07-01T00:00:00
1981-08-01T00:00:00,0.1393258426966292,1981-08-01T00:00:00
1981-09-01T00:00:00,0.13111111111111112,1981-09-01T00:00:00
1981-10-01T00:00:00,0.12472647702407003,1981-10-01T00:00:00
1981-11-01T00:00:00,0.11827956989247312,1981-11-01T00:00:00
1981-12-01T00:00:00,0.11991434689507495,1981-12-01T00:00:00
1982-01-01T00:00:00,0.11652542372881355,1982-01-01T00:00:00
1982-02-01T00:00:00,0.11949685534591195,1982-02-01T00:00:00
1982-03-01T00:00:00,0.12681912681912683,1982-03-01T00:00:00
1982-04-01T00:00:00,0.12836438923395446,1982-04-01T00:00:00
1982-05-01T00:00:00,0.12653061224489795,1982-05-01T00:00:00
1982-06-01T00:00:00,0.11871227364185111,1982-06-01T00:00:00
1982-07-01T00:00:00,0.11553784860557768,1982-07-01T00:00:00
1982-08-01T00:00:00,0.11045364891518737,1982-08-01T00:00:00
1982-09-01T00:00:00,0.11198428290766209,1982-09-01T00:00:00
1982-10-01T00:00:00,0.10700389105058365,1982-10-01T00:00:00
1982-11-01T00:00:00,0.09615384615384616,1982-11-01T00:00:00
1982-12-01T00:00:00,0.08604206500956023,1982-12-01T00:00:00
1983-01-01T00:00:00,0.07969639468690702,1983-01-01T00:00:00
1983-02-01T00:00:00,0.07116104868913857,1983-02-01T00:00:00
1983-03-01T00:00:00,0.06273062730627306,1983-03-01T00:00:00
1983-04-01T00:00:00,0.06605504587155964,1983-04-01T00:00:00
1983-05-01T00:00:00,0.057971014492753624,1983-05-01T00:00:00
1983-06-01T00:00:00,0.052158273381294966,1983-06-01T00:00:00
1983-07-01T00:00:00,0.04642857142857143,1983-07-01T00:00:00
1983-08-01T00:00:00,0.04085257548845471,1983-08-01T00:00:00
1983-09-01T00:00:00,0.03356890459363958,1983-09-01T00:00:00
1983-10-01T00:00:00,0.033391915641476276,1983-10-01T00:00:00
1983-11-01T00:00:00,0.03333333333333333,1983-11-01T00:00:00
1983-12-01T00:00:00,0.03697183098591549,1983-12-01T00:00:00
1984-01-01T00:00:00,0.040421792618629174,1984-01-01T00:00:00
1984-02-01T00:00:00,0.03671328671328671,1984-02-01T00:00:00
1984-03-01T00:00:00,0.029513888888888888,1984-03-01T00:00:00
1984-04-01T00:00:00,0.025817555938037865,1984-04-01T00:00:00
1984-05-01T00:00:00,0.018835616438356163,1984-05-01T00:00:00
1984-06-01T00:00:00,0.018803418803418803,1984-06-01T00:00:00
1984-07-01T00:00:00,0.027303754266211604,1984-07-01T00:00:00
1984-08-01T00:00:00,0.027303754266211604,1984-08-01T00:00:00
1984-09-01T00:00:00,0.02905982905982906,1984-09-01T00:00:00
1984-10-01T00:00:00,0.022108843537414966,1984-10-01T00:00:00
1984-11-01T00:00:00,0.022071307300509338,1984-11-01T00:00:00
1984-12-01T00:00:00,0.023769100169779286,1984-12-01T00:00:00
1985-01-01T00:00:00,0.02364864864864865,1985-01-01T00:00:00
1985-02-01T00:00:00,0.025295109612141653,1985-02-01T00:00:00
1985-03-01T00:00:00,0.02866779089376054,1985-03-01T00:00:00
1985-04-01T00:00:00,0.030201342281879196,1985-04-01T00:00:00
1985-05-01T00:00:00,0.031932773109243695,1985-05-01T00:00:00
1985-06-01T00:00:00,0.03691275167785235,1985-06-01T00:00:00
1985-07-01T00:00:00,0.02823920265780731,1985-07-01T00:00:00
1985-08-01T00:00:00,0.026578073089700997,1985-08-01T00:00:00
1985-09-01T00:00:00,0.02823920265780731,1985-09-01T00:00:00
1985-10-01T00:00:00,0.03161397670549085,1985-10-01T00:00:00
1985-11-01T00:00:00,0.03322259136212625,1985-11-01T00:00:00
1985-12-01T00:00:00,0.03316749585406302,1985-12-01T00:00:00
1986-01-01T00:00:00,0.033003300330033,1986-01-01T00:00:00
1986-02-01T00:00:00,0.03453947368421053,1986-02-01T00:00:00
1986-03-01T00:00:00,0.03442622950819672,1986-03-01T00:00:00
1986-04-01T00:00:00,0.02768729641693811,1986-04-01T00:00:00
1986-05-01T00:00:00,0.03420195439739414,1986-05-01T00:00:00
1986-06-01T00:00:00,0.02912621359223301,1986-06-01T00:00:00
1986-07-01T00:00:00,0.033925686591276254,1986-07-01T00:00:00
1986-08-01T00:00:00,0.038834951456310676,1986-08-01T00:00:00
1986-09-01T00:00:00,0.03715670436187399,1986-09-01T00:00:00
1986-10-01T00:00:00,0.037096774193548385,1986-10-01T00:00:00
1986-11-01T00:00:00,0.03376205787781351,1986-11-01T00:00:00
1986-12-01T00:00:00,0.033707865168539325,1986-12-01T00:00:00
1987-01-01T00:00:00,0.03194888178913738,1987-01-01T00:00:00
1987-02-01T00:00:00,0.028616852146263912,1987-02-01T00:00:00
1987-03-01T00:00:00,0.028526148969889066,1987-03-01T00:00:00
1987-04-01T00:00:00,0.03803486529318542,1987-04-01T00:00:00
1987-05-01T00:00:00,0.04094488188976378,1987-05-01T00:00:00
1987-06-01T00:00:00,0.04716981132075472,1987-06-01T00:00:00
1987-07-01T00:00:00,0.0484375,1987-07-01T00:00:00
1987-08-01T00:00:00,0.045171339563862926,1987-08-01T00:00:00
1987-09-01T00:00:00,0.04205607476635514,1987-09-01T00:00:00
1987-10-01T00:00:00,0.041990668740279936,1987-10-01T00:00:00
1987-11-01T00:00:00,0.04510108864696734,1987-11-01T00:00:00
1987-12-01T00:00:00,0.04503105590062112,1987-12-01T00:00:00
1988-01-01T00:00:00,0.04024767801857585,1988-01-01T00:00:00
1988-02-01T00:00:00,0.03863987635239567,1988-02-01T00:00:00
1988-03-01T00:00:00,0.04314329738058552,1988-03-01T00:00:00
1988-04-01T00:00:00,0.03969465648854962,1988-04-01T00:00:00
1988-05-01T00:00:00,0.03177004538577912,1988-05-01T00:00:00
1988-06-01T00:00:00,0.02252252252252252,1988-06-01T00:00:00
1988-07-01T00:00:00,0.019374068554396422,1988-07-01T00:00:00
1988-08-01T00:00:00,0.01788375558867362,1988-08-01T00:00:00
1988-09-01T00:00:00,0.02242152466367713,1988-09-01T00:00:00
1988-10-01T00:00:00,0.020895522388059702,1988-10-01T00:00:00
1988-11-01T00:00:00,0.017857142857142856,1988-11-01T00:00:00
1988-12-01T00:00:00,0.01337295690936107,1988-12-01T00:00:00
1989-01-01T00:00:00,0.020833333333333332,1989-01-01T00:00:00
1989-02-01T00:00:00,0.026785714285714284,1989-02-01T00:00:00
1989-03-01T00:00:00,0.028064992614475627,1989-03-01T00:00:00
1989-04-01T00:00:00,0.023494860499265784,1989-04-01T00:00:00
1989-05-01T00:00:00,0.036656891495601175,1989-05-01T00:00:00
1989-06-01T00:00:00,0.04552129221732746,1989-06-01T00:00:00
1989-07-01T00:00:00,0.04824561403508772,1989-07-01T00:00:00
1989-08-01T00:00:00,0.04978038067349927,1989-08-01T00:00:00
1989-09-01T00:00:00,0.05263157894736842,1989-09-01T00:00:00
1989-10-01T00:00:00,0.05263157894736842,1989-10-01T00:00:00
1989-11-01T00:00:00,0.05555555555555555,1989-11-01T00:00:00
1989-12-01T00:00:00,0.06304985337243402,1989-12-01T00:00:00
1990-01-01T00:00:00,0.06559766763848396,1990-01-01T00:00:00
1990-02-01T00:00:00,0.06376811594202898,1990-02-01T00:00:00
1990-03-01T00:00:00,0.05747126436781609,1990-03-01T00:00:00
1990-04-01T00:00:00,0.06312769010043041,1990-04-01T00:00:00
1990-05-01T00:00:00,0.05091937765205092,1990-05-01T00:00:00
1990-06-01T00:00:00,0.05056179775280899,1990-06-01T00:00:00
1990-07-01T00:00:00,0.0502092050209205,1990-07-01T00:00:00
1990-08-01T00:00:00,0.05299860529986053,1990-08-01T00:00:00
1990-09-01T00:00:00,0.05277777777777778,1990-09-01T00:00:00
1990-10-01T00:00:00,0.06111111111111111,1990-10-01T00:00:00
1990-11-01T00:00:00,0.06371191135734072,1990-11-01T00:00:00
1990-12-01T00:00:00,0.057931034482758624,1990-12-01T00:00:00
1991-01-01T00:00:00,0.07934336525307797,1991-01-01T00:00:00
1991-02-01T00:00:00,0.0653950953678474,1991-02-01T00:00:00
1991-03-01T00:00:00,0.06793478260869565,1991-03-01T00:00:00
1991-04-01T00:00:00,0.06072874493927125,1991-04-01T00:00:00
1991-05-01T00:00:00,0.06594885598923284,1991-05-01T00:00:00
1991-06-01T00:00:00,0.06283422459893048,1991-06-01T00:00:00
1991-07-01T00:00:00,0.06108897742363878,1991-07-01T00:00:00
1991-08-01T00:00:00,0.059602649006622516,1991-08-01T00:00:00
1991-09-01T00:00:00,0.055408970976253295,1991-09-01T00:00:00
1991-10-01T00:00:00,0.04450261780104712,1991-10-01T00:00:00
1991-11-01T00:00:00,0.041666666666666664,1991-11-01T00:00:00
1991-12-01T00:00:00,0.03780964797913951,1991-12-01T00:00:00
1992-01-01T00:00:00,0.011406844106463879,1992-01-01T00:00:00
1992-02-01T00:00:00,0.023017902813299233,1992-02-01T00:00:00
1992-03-01T00:00:00,0.022900763358778626,1992-03-01T00:00:00
1992-04-01T00:00:00,0.021628498727735368,1992-04-01T00:00:00
1992-05-01T00:00:00,0.015151515151515152,1992-05-01T00:00:00
1992-06-01T00:00:00,0.012578616352201259,1992-06-01T00:00:00
1992-07-01T00:00:00,0.011264080100125156,1992-07-01T00:00:00
1992-08-01T00:00:00,0.01,1992-08-01T00:00:00
1992-09-01T00:00:00,0.01,1992-09-01T00:00:00
1992-10-01T00:00:00,0.011278195488721804,1992-10-01T00:00:00
1992-11-01T00:00:00,0.015,1992-11-01T00:00:00
1992-12-01T00:00:00,0.017587939698492462,1992-12-01T00:00:00
1993-01-01T00:00:00,0.018796992481203006,1993-01-01T00:00:00
1993-02-01T00:00:00,0.0175,1993-02-01T00:00:00
1993-03-01T00:00:00,0,1993-03-01T00:00:00
1993-04-01T00:00:00,0.0062266500622665,1993-04-01T00:00:00
1993-05-01T00:00:00,0.007462686567164179,1993-05-01T00:00:00
1993-06-01T00:00:00,0.009937888198757764,1993-06-01T00:00:00
1993-07-01T00:00:00,0.011138613861386138,1993-07-01T00:00:00
1993-08-01T00:00:00,0.011138613861386138,1993-08-01T00:00:00
1993-09-01T00:00:00,0.012376237623762377,1993-09-01T00:00:00
1993-10-01T00:00:00,0.012391573729863693,1993-10-01T00:00:00
1993-11-01T00:00:00,0.011083743842364532,1993-11-01T00:00:00
1993-12-01T00:00:00,0.013580246913580247,1993-12-01T00:00:00
1994-01-01T00:00:00,0.00984009840098401,1994-01-01T00:00:00
1994-02-01T00:00:00,0.007371007371007371,1994-02-01T00:00:00
1994-03-01T00:00:00,0.017412935323383085,1994-03-01T00:00:00
1994-04-01T00:00:00,0.01608910891089109,1994-04-01T00:00:00
1994-05-01T00:00:00,0.014814814814814815,1994-05-01T00:00:00
1994-06-01T00:00:00,0.013530135301353014,1994-06-01T00:00:00
1994-07-01T00:00:00,0.014687882496940025,1994-07-01T00:00:00
1994-08-01T00:00:00,0.014687882496940025,1994-08-01T00:00:00
1994-09-01T00:00:00,0.018337408312958436,1994-09-01T00:00:00
1994-10-01T00:00:00,0.017135862913096694,1994-10-01T00:00:00
1994-11-01T00:00:00,0.013398294762484775,1994-11-01T00:00:00
1994-12-01T00:00:00,0.018270401948842874,1994-12-01T00:00:00
1995-01-01T00:00:00,0.018270401948842874,1995-01-01T00:00:00
1995-02-01T00:00:00,0.023170731707317073,1995-02-01T00:00:00
1995-03-01T00:00:00,0.028117359413202935,1995-03-01T00:00:00
1995-04-01T00:00:00,0.02679658952496955,1995-04-01T00:00:00
1995-05-01T00:00:00,0.027980535279805353,1995-05-01T00:00:00
1995-06-01T00:00:00,0.023058252427184466,1995-06-01T00:00:00
1995-07-01T00:00:00,0.022919179734620022,1995-07-01T00:00:00
1995-08-01T00:00:00,0.021712907117008445,1995-08-01T00:00:00
1995-09-01T00:00:00,0.01920768307322929,1995-09-01T00:00:00
1995-10-01T00:00:00,0.021660649819494584,1995-10-01T00:00:00
1995-11-01T00:00:00,0.025240384615384616,1995-11-01T00:00:00
1995-12-01T00:00:00,0.01674641148325359,1995-12-01T00:00:00
1996-01-01T00:00:00,0.017942583732057416,1996-01-01T00:00:00
1996-02-01T00:00:00,0.015494636471990465,1996-02-01T00:00:00
1996-03-01T00:00:00,0.020214030915576695,1996-03-01T00:00:00
1996-04-01T00:00:00,0.022538552787663108,1996-04-01T00:00:00
1996-05-01T00:00:00,0.022485207100591716,1996-05-01T00:00:00
1996-06-01T00:00:00,0.022538552787663108,1996-06-01T00:00:00
1996-07-01T00:00:00,0.02240566037735849,1996-07-01T00:00:00
1996-08-01T00:00:00,0.024793388429752067,1996-08-01T00:00:00
1996-09-01T00:00:00,0.024734982332155476,1996-09-01T00:00:00
1996-10-01T00:00:00,0.02237926972909305,1996-10-01T00:00:00
1996-11-01T00:00:00,0.01992966002344666,1996-11-01T00:00:00
1996-12-01T00:00:00,0.024705882352941175,1996-12-01T00:00:00
1997-01-01T00:00:00,0.03055229142185664,1997-01-01T00:00:00
1997-02-01T00:00:00,0.03169014084507042,1997-02-01T00:00:00
1997-03-01T00:00:00,0.026806526806526808,1997-03-01T00:00:00
1997-04-01T00:00:00,0.018561484918793503,1997-04-01T00:00:00
1997-05-01T00:00:00,0.017361111111111112,1997-05-01T00:00:00
1997-06-01T00:00:00,0.024361948955916472,1997-06-01T00:00:00
1997-07-01T00:00:00,0.01845444059976932,1997-07-01T00:00:00
1997-08-01T00:00:00,0.01728110599078341,1997-08-01T00:00:00
1997-09-01T00:00:00,0.016091954022988506,1997-09-01T00:00:00
1997-10-01T00:00:00,0.018433179723502304,1997-10-01T00:00:00
1997-11-01T00:00:00,0.014942528735632184,1997-11-01T00:00:00
1997-12-01T00:00:00,0.013777267508610792,1997-12-01T00:00:00
1998-01-01T00:00:00,0.010262257696693273,1998-01-01T00:00:00
1998-02-01T00:00:00,0,1998-02-01T00:00:00
1998-03-01T00:00:00,0.00340522133938706,1998-03-01T00:00:00
1998-04-01T00:00:00,0.011389521640091117,1998-04-01T00:00:00
1998-05-01T00:00:00,0.012514220705346985,1998-05-01T00:00:00
1998-06-01T00:00:00,0.015855039637599093,1998-06-01T00:00:00
1998-07-01T00:00:00,0.015855039637599093,1998-07-01T00:00:00
1998-08-01T00:00:00,0.015855039637599093,1998-08-01T00:00:00
1998-09-01T00:00:00,0.011312217194570135,1998-09-01T00:00:00
1998-10-01T00:00:00,0.012443438914027148,1998-10-01T00:00:00
1998-11-01T00:00:00,0.013590033975084938,1998-11-01T00:00:00
1998-12-01T00:00:00,0.015855039637599093,1998-12-01T00:00:00
1999-01-01T00:00:00,0.014672686230248307,1999-01-01T00:00:00
1999-02-01T00:00:00,0.022753128555176336,1999-02-01T00:00:00
1999-03-01T00:00:00,0.019230769230769232,1999-03-01T00:00:00
1999-04-01T00:00:00,0.016891891891891893,1999-04-01T00:00:00
1999-05-01T00:00:00,0.02247191011235955,1999-05-01T00:00:00
1999-06-01T00:00:00,0.016722408026755852,1999-06-01T00:00:00
1999-07-01T00:00:00,0.0189520624303233,1999-07-01T00:00:00
1999-08-01T00:00:00,0.026755852842809364,1999-08-01T00:00:00
1999-09-01T00:00:00,0.035794183445190156,1999-09-01T00:00:00
1999-10-01T00:00:00,0.035754189944134075,1999-10-01T00:00:00
1999-11-01T00:00:00,0.03128491620111732,1999-11-01T00:00:00
1999-12-01T00:00:00,0.033444816053511704,1999-12-01T00:00:00
2000-01-01T00:00:00,0.027808676307007785,2000-01-01T00:00:00
2000-02-01T00:00:00,0.026696329254727477,2000-02-01T00:00:00
2000-03-01T00:00:00,0.03551609322974473,2000-03-01T00:00:00
2000-04-01T00:00:00,0.03322259136212625,2000-04-01T00:00:00
2000-05-01T00:00:00,0.031868131868131866,2000-05-01T00:00:00
2000-06-01T00:00:00,0.03399122807017544,2000-06-01T00:00:00
2000-07-01T00:00:00,0.04157549234135667,2000-07-01T00:00:00
2000-08-01T00:00:00,0.03474484256243214,2000-08-01T00:00:00
2000-09-01T00:00:00,0.035637149028077755,2000-09-01T00:00:00
2000-10-01T00:00:00,0.03559870550161812,2000-10-01T00:00:00
2000-11-01T00:00:00,0.04333694474539545,2000-11-01T00:00:00
2000-12-01T00:00:00,0.038834951456310676,2000-12-01T00:00:00
2001-01-01T00:00:00,0.010822510822510822,2001-01-01T00:00:00
2001-02-01T00:00:00,0.03683640303358613,2001-02-01T00:00:00
2001-03-01T00:00:00,0.02465166130760986,2001-03-01T00:00:00
2001-04-01T00:00:00,0.02572347266881029,2001-04-01T00:00:00
2001-05-01T00:00:00,0.05644302449414271,2001-05-01T00:00:00
2001-06-01T00:00:00,0.05514316012725345,2001-06-01T00:00:00
2001-07-01T00:00:00,0.028361344537815126,2001-07-01T00:00:00
2001-08-01T00:00:00,0.026232948583420776,2001-08-01T00:00:00
2001-09-01T00:00:00,0.028154327424400417,2001-09-01T00:00:00
2001-10-01T00:00:00,0.014583333333333334,2001-10-01T00:00:00
2001-11-01T00:00:00,-0.024922118380062305,2001-11-01T00:00:00
2001-12-01T00:00:00,-0.009345794392523364,2001-12-01T00:00:00
2002-01-01T00:00:00,0.035331905781584586,2002-01-01T00:00:00
2002-02-01T00:00:00,0.01567398119122257,2002-02-01T00:00:00
2002-03-01T00:00:00,0.0198744769874477,2002-03-01T00:00:00
2002-04-01T00:00:00,0.034482758620689655,2002-04-01T00:00:00
2002-05-01T00:00:00,0.0020161290322580645,2002-05-01T00:00:00
2002-06-01T00:00:00,0.004020100502512563,2002-06-01T00:00:00
2002-07-01T00:00:00,0.020429009193054137,2002-07-01T00:00:00
2002-08-01T00:00:00,0.023517382413087935,2002-08-01T00:00:00
2002-09-01T00:00:00,0.028397565922920892,2002-09-01T00:00:00
2002-10-01T00:00:00,0.052361396303901436,2002-10-01T00:00:00
2002-11-01T00:00:00,0.09691160809371673,2002-11-01T00:00:00
2002-12-01T00:00:00,0.08280922431865828,2002-12-01T00:00:00
2003-01-01T00:00:00,0.0703205791106515,2003-01-01T00:00:00
2003-02-01T00:00:00,0.06790123456790123,2003-02-01T00:00:00
2003-03-01T00:00:00,0.0758974358974359,2003-03-01T00:00:00
2003-04-01T00:00:00,0.0595959595959596,2003-04-01T00:00:00
2003-05-01T00:00:00,0.0482897384305835,2003-05-01T00:00:00
2003-06-01T00:00:00,0.04804804804804805,2003-06-01T00:00:00
2003-07-01T00:00:00,0.044044044044044044,2003-07-01T00:00:00
2003-08-01T00:00:00,0.04095904095904096,2003-08-01T00:00:00
2003-09-01T00:00:00,0.03353057199211045,2003-09-01T00:00:00
2003-10-01T00:00:00,0.0175609756097561,2003-10-01T00:00:00
2003-11-01T00:00:00,0.01650485436893204,2003-11-01T00:00:00
2003-12-01T00:00:00,0.012584704743465635,2003-12-01T00:00:00
2004-01-01T00:00:00,0.010628019323671498,2004-01-01T00:00:00
2004-02-01T00:00:00,0.007707129094412331,2004-02-01T00:00:00
2004-03-01T00:00:00,0,2004-03-01T00:00:00
2004-04-01T00:00:00,0.002859866539561487,2004-04-01T00:00:00
2004-05-01T00:00:00,0.018234165067178502,2004-05-01T00:00:00
2004-06-01T00:00:00,0.022922636103151862,2004-06-01T00:00:00
2004-07-01T00:00:00,0.020134228187919462,2004-07-01T00:00:00
2004-08-01T00:00:00,0.019193857965451054,2004-08-01T00:00:00
2004-09-01T00:00:00,0.01431297709923664,2004-09-01T00:00:00
2004-10-01T00:00:00,0.016299137104506232,2004-10-01T00:00:00
2004-11-01T00:00:00,0.019102196752626553,2004-11-01T00:00:00
2004-12-01T00:00:00,0.017208413001912046,2004-12-01T00:00:00
2005-01-01T00:00:00,0.014340344168260038,2005-01-01T00:00:00
2005-02-01T00:00:00,0.015296367112810707,2005-02-01T00:00:00
2005-03-01T00:00:00,0.019065776930409915,2005-03-01T00:00:00
2005-04-01T00:00:00,0.022813688212927757,2005-04-01T00:00:00
2005-05-01T00:00:00,0.012252591894439209,2005-05-01T00:00:00
2005-06-01T00:00:00,0.006535947712418301,2005-06-01T00:00:00
2005-07-01T00:00:00,0.021616541353383457,2005-07-01T00:00:00
2005-08-01T00:00:00,0.023540489642184557,2005-08-01T00:00:00
2005-09-01T00:00:00,0.034807149576669805,2005-09-01T00:00:00
2005-10-01T00:00:00,0.03490566037735849,2005-10-01T00:00:00
2005-11-01T00:00:00,0.02717900656044986,2005-11-01T00:00:00
2005-12-01T00:00:00,0.02443609022556391,2005-12-01T00:00:00
2006-01-01T00:00:00,0.04052780395852969,2006-01-01T00:00:00
2006-02-01T00:00:00,0.03295668549905838,2006-02-01T00:00:00
2006-03-01T00:00:00,0.031805425631431246,2006-03-01T00:00:00
2006-04-01T00:00:00,0.03531598513011153,2006-04-01T00:00:00
2006-05-01T00:00:00,0.0446927374301676,2006-05-01T00:00:00
2006-06-01T00:00:00,0.03710575139146568,2006-06-01T00:00:00
2006-07-01T00:00:00,0.04323827046918123,2006-07-01T00:00:00
2006-08-01T00:00:00,0.04783808647654094,2006-08-01T00:00:00
2006-09-01T00:00:00,0.03727272727272727,2006-09-01T00:00:00
2006-10-01T00:00:00,0.0300820419325433,2006-10-01T00:00:00
2006-11-01T00:00:00,0.037408759124087594,2006-11-01T00:00:00
2006-12-01T00:00:00,0.047706422018348627,2006-12-01T00:00:00
2007-01-01T00:00:00,0.03894927536231884,2007-01-01T00:00:00
2007-02-01T00:00:00,0.04831358249772106,2007-02-01T00:00:00
2007-03-01T00:00:00,0.05530371713508613,2007-03-01T00:00:00
2007-04-01T00:00:00,0.05475763016157989,2007-04-01T00:00:00
2007-05-01T00:00:00,0.049910873440285206,2007-05-01T00:00:00
2007-06-01T00:00:00,0.0626118067978533,2007-06-01T00:00:00
2007-07-01T00:00:00,0.05026455026455026,2007-07-01T00:00:00
2007-08-01T00:00:00,0.04741000877963126,2007-08-01T00:00:00
2007-09-01T00:00:00,0.04645048203330412,2007-09-01T00:00:00
2007-10-01T00:00:00,0.049557522123893805,2007-10-01T00:00:00
2007-11-01T00:00:00,0.047493403693931395,2007-11-01T00:00:00
2007-12-01T00:00:00,0.04115586690017513,2007-12-01T00:00:00
2008-01-01T00:00:00,0.03574542284219703,2008-01-01T00:00:00
2008-02-01T00:00:00,0.034782608695652174,2008-02-01T00:00:00
2008-03-01T00:00:00,0.029209621993127148,2008-03-01T00:00:00
2008-04-01T00:00:00,0.03234042553191489,2008-04-01T00:00:00
2008-05-01T00:00:00,0.03735144312393888,2008-05-01T00:00:00
2008-06-01T00:00:00,0.04377104377104377,2008-06-01T00:00:00
2008-07-01T00:00:00,0.03526448362720403,2008-07-01T00:00:00
2008-08-01T00:00:00,0.040234702430846606,2008-08-01T00:00:00
2008-09-01T00:00:00,0.02847571189279732,2008-09-01T00:00:00
2008-10-01T00:00:00,0.024451939291736932,2008-10-01T00:00:00
2008-11-01T00:00:00,0.020990764063811923,2008-11-01T00:00:00
2008-12-01T00:00:00,0.01934398654331371,2008-12-01T00:00:00
2009-01-01T00:00:00,0.011784511784511785,2009-01-01T00:00:00
2009-02-01T00:00:00,0.02100840336134454,2009-02-01T00:00:00
2009-03-01T00:00:00,0.009181969949916527,2009-03-01T00:00:00
2009-04-01T00:00:00,-0.00741962077493817,2009-04-01T00:00:00
2009-05-01T00:00:00,-0.006546644844517185,2009-05-01T00:00:00
2009-06-01T00:00:00,-0.016129032258064516,2009-06-01T00:00:00
2009-07-01T00:00:00,-0.014598540145985401,2009-07-01T00:00:00
2009-08-01T00:00:00,-0.016921837228041903,2009-08-01T00:00:00
2009-09-01T00:00:00,-0.010586319218241042,2009-09-01T00:00:00
2009-10-01T00:00:00,0.0008230452674897119,2009-10-01T00:00:00
2009-11-01T00:00:00,0.008223684210526315,2009-11-01T00:00:00
2009-12-01T00:00:00,0.005775577557755775,2009-12-01T00:00:00
2010-01-01T00:00:00,0.01747088186356073,2010-01-01T00:00:00
2010-02-01T00:00:00,0.009876543209876543,2010-02-01T00:00:00
2010-03-01T00:00:00,0.009925558312655087,2010-03-01T00:00:00
2010-04-01T00:00:00,0.015780730897009966,2010-04-01T00:00:00
2010-05-01T00:00:00,0.01070840197693575,2010-05-01T00:00:00
2010-06-01T00:00:00,0.005737704918032787,2010-06-01T00:00:00
2010-07-01T00:00:00,0.014814814814814815,2010-07-01T00:00:00
2010-08-01T00:00:00,0.005737704918032787,2010-08-01T00:00:00
2010-09-01T00:00:00,0.00905349794238683,2010-09-01T00:00:00
2010-10-01T00:00:00,0.011513157894736841,2010-10-01T00:00:00
2010-11-01T00:00:00,0.0008156606851549756,2010-11-01T00:00:00
2010-12-01T00:00:00,0.008203445447087777,2010-12-01T00:00:00
2011-01-01T00:00:00,0.009811937857726901,2011-01-01T00:00:00
2011-02-01T00:00:00,0.012224938875305624,2011-02-01T00:00:00
2011-03-01T00:00:00,0.019656019656019656,2011-03-01T00:00:00
2011-04-01T00:00:00,0.03025347506132461,2011-04-01T00:00:00
2011-05-01T00:00:00,0.027709861450692746,2011-05-01T00:00:00
2011-06-01T00:00:00,0.021189894050529748,2011-06-01T00:00:00
2011-07-01T00:00:00,0.019464720194647202,2011-07-01T00:00:00
2011-08-01T00:00:00,0.029339853300733496,2011-08-01T00:00:00
2011-09-01T00:00:00,0.02773246329526917,2011-09-01T00:00:00
2011-10-01T00:00:00,0.03414634146341464,2011-10-01T00:00:00
2011-11-01T00:00:00,0.03178484107579462,2011-11-01T00:00:00
2011-12-01T00:00:00,0.029292107404393815,2011-12-01T00:00:00
2012-01-01T00:00:00,0.029149797570850202,2012-01-01T00:00:00
2012-02-01T00:00:00,0.01932367149758454,2012-02-01T00:00:00
2012-03-01T00:00:00,0.016867469879518072,2012-03-01T00:00:00
2012-04-01T00:00:00,0.007936507936507936,2012-04-01T00:00:00
2012-05-01T00:00:00,0.003965107057890563,2012-05-01T00:00:00
2012-06-01T00:00:00,0.012769353551476457,2012-06-01T00:00:00
2012-07-01T00:00:00,0.008750994431185362,2012-07-01T00:00:00
2012-08-01T00:00:00,0.010292953285827395,2012-08-01T00:00:00
2012-09-01T00:00:00,0.014285714285714285,2012-09-01T00:00:00
2012-10-01T00:00:00,0.006289308176100629,2012-10-01T00:00:00
2012-11-01T00:00:00,0.005529225908372828,2012-11-01T00:00:00
2012-12-01T00:00:00,0,2012-12-01T00:00:00
2013-01-01T00:00:00,-0.004720692368214005,2013-01-01T00:00:00
2013-02-01T00:00:00,0.008688783570300158,2013-02-01T00:00:00
2013-03-01T00:00:00,0.011848341232227487,2013-03-01T00:00:00
2013-04-01T00:00:00,0.013385826771653543,2013-04-01T00:00:00
2013-05-01T00:00:00,0.022906793048973143,2013-05-01T00:00:00
2013-06-01T00:00:00,0.022852639873916468,2013-06-01T00:00:00
2013-07-01T00:00:00,0.022082018927444796,2013-07-01T00:00:00
2013-08-01T00:00:00,0.014106583072100314,2013-08-01T00:00:00
2013-09-01T00:00:00,0.013302034428794992,2013-09-01T00:00:00
2013-10-01T00:00:00,0.01015625,2013-10-01T00:00:00
2013-11-01T00:00:00,0.01728201099764336,2013-11-01T00:00:00
2013-12-01T00:00:00,0.020553359683794466,2013-12-01T00:00:00
2014-01-01T00:00:00,0.026877470355731226,2014-01-01T00:00:00
2014-02-01T00:00:00,0.02427564604541895,2014-02-01T00:00:00
2014-03-01T00:00:00,0.039032006245121,2014-03-01T00:00:00
2014-04-01T00:00:00,0.027195027195027196,2014-04-01T00:00:00
2014-05-01T00:00:00,0.025482625482625483,2014-05-01T00:00:00
2014-06-01T00:00:00,0.01926040061633282,2014-06-01T00:00:00
2014-07-01T00:00:00,0.02546296296296296,2014-07-01T00:00:00
2014-08-01T00:00:00,0.025502318392581144,2014-08-01T00:00:00
2014-09-01T00:00:00,0.026254826254826256,2014-09-01T00:00:00
2014-10-01T00:00:00,0.030162412993039442,2014-10-01T00:00:00
2014-11-01T00:00:00,0.020077220077220077,2014-11-01T00:00:00
2014-12-01T00:00:00,0.018590240123934933,2014-12-01T00:00:00
2015-01-01T00:00:00,0.008468052347959968,2015-01-01T00:00:00
2015-02-01T00:00:00,0.009174311926605505,2015-02-01T00:00:00
2015-03-01T00:00:00,-0.0007513148009015778,2015-03-01T00:00:00
2015-04-01T00:00:00,0.00680786686838124,2015-04-01T00:00:00
2015-05-01T00:00:00,0.006024096385542169,2015-05-01T00:00:00
2015-06-01T00:00:00,0.016628873771730914,2015-06-01T00:00:00
2015-07-01T00:00:00,0.012791572610985704,2015-07-01T00:00:00
2015-08-01T00:00:00,0.01733232856066315,2015-08-01T00:00:00
2015-09-01T00:00:00,0.012791572610985704,2015-09-01T00:00:00
2015-10-01T00:00:00,0.014264264264264264,2015-10-01T00:00:00
2015-11-01T00:00:00,0.01968205904617714,2015-11-01T00:00:00
2015-12-01T00:00:00,0.015209125475285171,2015-12-01T00:00:00
2016-01-01T00:00:00,0.020610687022900764,2016-01-01T00:00:00
2016-02-01T00:00:00,0.013636363636363636,2016-02-01T00:00:00
2016-03-01T00:00:00,0.015037593984962405,2016-03-01T00:00:00
2016-04-01T00:00:00,0.015026296018031555,2016-04-01T00:00:00
2016-05-01T00:00:00,0.014970059880239521,2016-05-01T00:00:00
2016-06-01T00:00:00,0.013382899628252789,2016-06-01T00:00:00
2016-07-01T00:00:00,0.007429420505200594,2016-07-01T00:00:00
2016-08-01T00:00:00,0.006666666666666667,2016-08-01T00:00:00
2016-09-01T00:00:00,0.005200594353640416,2016-09-01T00:00:00
2016-10-01T00:00:00,0.0051813471502590676,2016-10-01T00:00:00
2016-11-01T00:00:00,0.0022271714922048997,2016-11-01T00:00:00
2016-12-01T00:00:00,0.010486891385767791,2016-12-01T00:00:00
2017-01-01T00:00:00,0.02468212415856395,2017-01-01T00:00:00
2017-02-01T00:00:00,0.021674140508221227,2017-02-01T00:00:00
2017-03-01T00:00:00,0.013333333333333334,2017-03-01T00:00:00
2017-04-01T00:00:00,0.017024426350851222,2017-04-01T00:00:00
2017-05-01T00:00:00,0.011799410029498525,2017-05-01T00:00:00
2017-06-01T00:00:00,0.004402054292002935,2017-06-01T00:00:00
2017-07-01T00:00:00,0.01032448377581121,2017-07-01T00:00:00
2017-08-01T00:00:00,0.011037527593818985,2017-08-01T00:00:00
2017-09-01T00:00:00,0.012564671101256468,2017-09-01T00:00:00
2017-10-01T00:00:00,0.013254786450662739,2017-10-01T00:00:00
2017-11-01T00:00:00,0.025185185185185185,2017-11-01T00:00:00
2017-12-01T00:00:00,0.02001482579688658,2017-12-01T00:00:00
2018-01-01T00:00:00,0.013868613138686132,2018-01-01T00:00:00
2018-02-01T00:00:00,0.021945866861741038,2018-02-01T00:00:00
2018-03-01T00:00:00,0.02266081871345029,2018-03-01T00:00:00
2018-04-01T00:00:00,0.023289665211062592,2018-04-01T00:00:00
2018-05-01T00:00:00,0.025510204081632654,2018-05-01T00:00:00
2018-06-01T00:00:00,0.027757487216946677,2018-06-01T00:00:00
2018-07-01T00:00:00,0.035036496350364967,2018-07-01T00:00:00
2018-08-01T00:00:00,0.03056768558951965,2018-08-01T00:00:00
2018-09-01T00:00:00,0.029927007299270073,2018-09-01T00:00:00
2018-10-01T00:00:00,0.027616279069767442,2018-10-01T00:00:00
2018-11-01T00:00:00,0.016618497109826588,2018-11-01T00:00:00
2018-12-01T00:00:00,0.021075581395348836,2018-12-01T00:00:00
2019-01-01T00:00:00,0.011519078473722102,2019-01-01T00:00:00
2019-02-01T00:00:00,0.0164638511095204,2019-02-01T00:00:00
2019-03-01T00:00:00,0.0228734810578985,2019-03-01T00:00:00
2019-04-01T00:00:00,0.022048364153627313,2019-04-01T00:00:00
2019-05-01T00:00:00,0.023454157782515993,2019-05-01T00:00:00
2019-06-01T00:00:00,0.014214641080312722,2019-06-01T00:00:00
2019-07-01T00:00:00,0.012693935119887164,2019-07-01T00:00:00
2019-08-01T00:00:00,0.012711864406779662,2019-08-01T00:00:00
2019-09-01T00:00:00,0.012756909992912827,2019-09-01T00:00:00
2019-10-01T00:00:00,0.015558698727015558,2019-10-01T00:00:00
2019-11-01T00:00:00,0.02061122956645345,2019-11-01T00:00:00
2019-12-01T00:00:00,0.022775800711743774,2019-12-01T00:00:00
2020-01-01T00:00:00,0.0298932384341637,2020-01-01T00:00:00
2020-02-01T00:00:00,0.02464788732394366,2020-02-01T00:00:00
2020-03-01T00:00:00,0.0069881201956673656,2020-03-01T00:00:00
2020-04-01T00:00:00,-0.0048712595685455815,2020-04-01T00:00:00
2020-05-01T00:00:00,0.0006944444444444445,2020-05-01T00:00:00
2020-06-01T00:00:00,0.0161177295024527,2020-06-01T00:00:00
2020-07-01T00:00:00,0.009052924791086351,2020-07-01T00:00:00
2020-08-01T00:00:00,0.005578800557880056,2020-08-01T00:00:00
2020-09-01T00:00:00,0.01469559132260322,2020-09-01T00:00:00
2020-10-01T00:00:00,0.011142061281337047,2020-10-01T00:00:00
2020-11-01T00:00:00,0.012534818941504178,2020-11-01T00:00:00
2020-12-01T00:00:00,0.007654836464857342,2020-12-01T00:00:00
2021-01-01T00:00:00,0.007601935038009675,2021-01-01T00:00:00
2021-02-01T00:00:00,0.006185567010309278,2021-02-01T00:00:00
2021-03-01T00:00:00,0.01943095072866065,2021-03-01T00:00:00
2021-04-01T00:00:00,0.032867132867132866,2021-04-01T00:00:00
2021-05-01T00:00:00,0.031228313671061762,2021-05-01T00:00:00
2021-06-01T00:00:00,0.02689655172413793,2021-06-01T00:00:00
2021-07-01T00:00:00,0.037267080745341616,2021-07-01T00:00:00
2021-08-01T00:00:00,0.047156726768377254,2021-08-01T00:00:00
2021-09-01T00:00:00,0.04,2021-09-01T00:00:00
2021-10-01T00:00:00,0.04338842975206612,2021-10-01T00:00:00
2021-11-01T00:00:00,0.04264099037138927,2021-11-01T00:00:00
2021-12-01T00:00:00,0.04765193370165746,2021-12-01T00:00:00
2022-01-01T00:00:00,0.04801097393689986,2022-01-01T00:00:00
2022-02-01T00:00:00,0.055327868852459015,2022-02-01T00:00:00
2022-03-01T00:00:00,0.0653505786249149,2022-03-01T00:00:00
2022-04-01T00:00:00,0.06296547054840894,2022-04-01T00:00:00
2022-05-01T00:00:00,0.07133243606998654,2022-05-01T00:00:00
2022-06-01T00:00:00,0.08394895903290799,2022-06-01T00:00:00
2022-07-01T00:00:00,0.07385229540918163,2022-07-01T00:00:00
2022-08-01T00:00:00,0.059602649006622516,2022-08-01T00:00:00
2022-09-01T00:00:00,0.0616710875331565,2022-09-01T00:00:00
2022-10-01T00:00:00,0.06798679867986798,2022-10-01T00:00:00
2022-11-01T00:00:00,0.06596306068601583,2022-11-01T00:00:00
2022-12-01T00:00:00,0.05998681608437706,2022-12-01T00:00:00
2023-01-01T00:00:00,0.05039267015706806,2023-01-01T00:00:00
2023-02-01T00:00:00,0.036245954692556634,2023-02-01T00:00:00
2023-03-01T00:00:00,0.033226837060702875,2023-03-01T00:00:00
2023-04-01T00:00:00,0.04267515923566879,2023-04-01T00:00:00
2023-05-01T00:00:00,0.03077889447236181,2023-05-01T00:00:00
2023-06-01T00:00:00,0.01858736059479554,2023-06-01T00:00:00
2023-07-01T00:00:00,0.028500619578686492,2023-07-01T00:00:00
2023-08-01T00:00:00,0.0425,2023-08-01T00:00:00
2023-09-01T00:00:00,0.03685196752029981,2023-09-01T00:00:00
2023-10-01T00:00:00,0.021013597033374538,2023-10-01T00:00:00
2023-11-01T00:00:00,0.024752475247524754,2023-11-01T00:00:00
2023-12-01T00:00:00,0.029850746268656716,2023-12-01T00:00:00
2024-01-01T00:00:00,0.03364485981308411,2024-01-01T00:00:00
2024-02-01T00:00:00,0.04184884447220487,2024-02-01T00:00:00
2024-03-01T00:00:00,0.03463203463203463,2024-03-01T00:00:00
2024-04-01T00:00:00,0.029932803909590716,2024-04-01T00:00:00
2024-05-01T00:00:00,0.030469226081657527,2024-05-01T00:00:00
2024-06-01T00:00:00,0.030413625304136254,2024-06-01T00:00:00
2024-07-01T00:00:00,0.02650602409638554,2024-07-01T00:00:00
2024-08-01T00:00:00,0.02038369304556355,2024-08-01T00:00:00
2024-09-01T00:00:00,0.01927710843373494,2024-09-01T00:00:00
2024-10-01T00:00:00,0.029661016949152543,2024-10-01T00:00:00
